Name,Pre 2015,In 2023,Category,District,State,Year Start,Year Start Revise,Listener Base,PinCode,Broadcast Frequency,Language,,latitude,longitude,,
SVFM,,,EDU,Chittoor,Andhra Pradesh,2007,,25000,517502,90.4,Telegu,,13.62761,79.38251,,
Radio Vishnu,Yes,,EDU,West Godavari,Andhra Pradesh,2007,,95000,534202,90.4,Telegu,,16.565903,81.534958,,
GMR Radio,Yes,,EDU,Srikakulam,Andhra Pradesh,2012,,18000,532127,90.4,"Telegu, English",,18.475545,83.645483,,
Karshakavani,,,NGO,Chittoor,Andhra Pradesh,2015,,61000,517247,90.4,Telegu,,13.22348,78.59882,,
Radio Ala,Yes,,NGO,Kakinada,Andhra Pradesh,2013,,150000,533004,90.8,"Hindi, English",,16.96795,82.22859,,
Radio Ranjan,,,NGO,Guntur,Andhra Pradesh,2017,,200000,522004,90.4,Telegu,,16.29685,80.42516,,
MITS Radio,,,EDU,Chittoor,Andhra Pradesh,2023,,,517325,90.8,"Telegu, English",,13.54058,78.39498,,
Annamacharya Radio,,,EDU,Kadapa,Andhra Pradesh,2022,,,5161216,89.6,"Telegu, English",,,,,
Radio Sphoorty,,,NGO,Kurnool,Andhra Pradesh,2002,,100000,518002,89.6,Telegu,,15.82445,78.03475,,
Radio City,,,NGO,Papum Pare,Arunachal Pradesh,2018,,15000,791110,90.8,"Hindi, Nyishi, Apatani, Adi, Galo",,27.113431,93.692753,,
Radio Luit,Yes,No,,Kamrum Metropolitan,Assam,2011,,,781014,90.8,"Assamese, Bengali, Hindi, English, Bodo, Nepali",,26.15319,91.644498,,
Radio Gyanmalinee,,,EDU,Dibrugarh,Assam,2019,,20000,786005,90.8,"Hindi, Mising, Sadri
(tea-tribes), Nepali, Bengali, English",,19.86029,75.30324,,
Radio Brahmaputra,,,NGO,Kamrum Metropolitan,Assam,2015,,350000,786002,90.4,"Assamese, Sadri, Hajong, Deori, Mising",,26.15842,91.76097,,
Jnan Taranga,Yes,,EDU,Kamrum Metropolitan,Assam,2010,2009,5000,781022,90,Assamese,,26.11839,91.82116,,
Radio Rimjhim,Yes,,NGO,Gopalganj,Bihar,,2009,300000,841428,90.4,"Bjojpuri, Hindi",,26.513032,84.469766,,
Radio Active,Yes,,NGO,Bhagalpur,Bihar,2012,,260000,812001,90.4,"Angika, Hindi, Urdu, English",,25.24945,86.97489,,
Radio Snehi,Yes,,NGO,Siwan,Bihar,2010,,125000,841226,90.4,Local,,24.10423,82.59703,,
Uttam Radio,Yes,No,,Patna,Bihar,,2004,,800001,90.4,Hindi,,17.67065,83.20946,,
Krishi Vigyan Kendra,,,KVK,Patna,Bihar,2011,,200000,803214,91.2,Hindi,,25.447217,85.735897,,
FM Green,,,KVK,Bhagalpur,Bihar,2019,,200000,813210,90.8,"Hindi, Angika",,25.201078,87.047437,,
Radio Mayur,,,NGO,Saran,Bihar,,,150000,841301,90.8,"Bjojpuri, Hindi",,25.792133,84.721107,,
Radio Varsha,,,NGO,Gopalganj,Bihar,2017,,300000,841428,90.8,"Bjojpuri, Hindi, English",,26.513032,84.469766,,
Radio Risarch,,,NGO,Munger,Bihar,,,400000,811201,90.8,"Hindi, English, Urdu, Angika",,25.0393,88.11951,,
Radio Madhubani,,,NGO,Madhubani,Bihar,2021,,,847409,89.6,"Hindi, Maithili",,26.427961,86.423792,,
Radio Goonj,,,NGO,Vaishali,Bihar,2023,,200000,844503,90,"Hindi, Maithili, Bhojpuri, Angika, Vajjika, English, Local",,25.67275,85.333,,
Radio Vivek,Yes,,EDU,Chandigarh,Chandigarh,2007,,250000,160036,90.4,"Hindi, English, Punjabi",,30.732539,76.739424,,
Jyotirgamaya CRS,Yes,,EDU,Chandigarh,Chandigarh,,2011,200000,160014,91.2,"Hindi, English, Punjabi",,30.777678,76.739424,,
Desh Bhagat Radio,Yes,,NGO,Chandigarh,Chandigarh,2012,,1325000,160009,107.8,"Hindi, English, Punjabi",,30.7407,76.79803,,
Radio Chitkara,Yes,,EDU,Chandigarh,Chandigarh,2012,,100000,140601,107.8,"Hindi, English, Punjabi",,30.381285,76.675922,,
Radio Raman,Yes,,EDU,Bilaspur,Chhattisgarh,2013,2012,32000,495113,90.4,"Hindi, Chhattisgarhi",,22.32977,81.90486,,
Neotech Community Radio,Yes,,EDU,Surguja,Chhattisgarh,2012,,300000,497001,89.4,"Hindi, Chhattisgarhi, English, Surgujiha",,23.31422,83.20097,,
Hamar Radio,,,NGO,Surajpur,Chhattisgarh,2018,,250000,497226,90.4,"Hindi, Chhattisgarhi, Kodakhu, Surgujiha",,23.249029,82.971662,,
Radio Dhoom,,,NGO,Raigarh,Chhattisgarh,2021,,24000,496001,89.6,Chhattisgarhi,,21.82665,83.45389,,
Arpaa Radio,,,NGO,Bilaspur,Chhattisgarh,2021,,55000,495001,90.8,"Hindi, Chhattisgarhi",,22.07339,82.15898,,
Radio Samvad,,,EDU,Raigarh,Chhattisgarh,2018,,25000,492013,90.8,"Hindi, Chhattisgarhi",,21.21284,81.63327,,
Radio Sahyogi,,,,Durg,Chhattisgarh,2019,,,491001,91.2,"Hindi, Chhattisgarhi",,21.12768,81.20808,,
Radio JIMS,Yes,,EDU,South Delhi,Delhi,2005,,7500,110070,90.4,"Hindi, English",,28.53818,77.14444,,
Radio JIMS,Yes,,EDU,North Delhi,Delhi,2005,2006,,110085,96.9,"Hindi, English",,28.70141,77.09772,,
Apna Radio,Yes,,EDU,South Delhi,Delhi,2005,,,110067,96.9,Hindi,,28.540732,77.162896,,
Radio Jamia,Yes,,EDU,South Delhi,Delhi,,2005,,110025,90.4,"Hindi, English, Urdu",,28.5594,77.2945,,
DU CR,Yes,No,,North Delhi,Delhi,,2007,,110007,90.4,"Hindi, English",,28.685897,77.211773,,
Radio Campus,,,EDU,Anand,Gujrat,2004,,,888120,90.4,Local,,22.5513,72.9228,,
Rudi No Radio,Yes,,NGO,Ahmedabad,Gujrat,2009,,100000,382110,90.4,Gujarati,,22.97105,72.24377,,
Lokvani Radio,Yes,,KVK,Junagadh,Gujrat,2013,,32000,362715,90.4,"Gujarati, Hindi",,20.86854,70.70898,,
Radio Nazariya,,,NGO,Ahmedabad,Gujrat,2017,,,380001,107.8,"Gujarati, Hindi, Urdu",,23.01772,72.57817,,
Radio Palanpur,,,NGO,Banaskantha,Gujrat,2019,,170000,385001,90.4,"Gujarati, Hindi",,24.176119,72.449485,,
Radio Sabarmati,,,NGO,Ahmedabad,Gujrat,2022,,,380009,89.6,"Gujarati, Hindi, English",,23.03277,72.56998,,
Junagadh Janvani,,,KVK,Junagadh,Gujrat,2015,,400000,362001,91.2,Gujarati,,21.52382,70.43683,,
Radio Awaj Dahod,,,NGO,Dahod,Gujrat,2018,,300000,389151,90.8,"Gujarati, Hindi",,22.81973,74.26403,,
Hello BAOU,,,EDU,Ahmedabad,Gujrat,2021,,45000,382481,90,"Gujarati, Hindi, English",,23.08496,72.54804,,
Micavaani,Yes,No,,Ahmedabad,Gujrat,2005,,,380058,90.4,"Gujarati, Hindi, English",,23.0266,72.4808,,
Guruvani Community Radio Compendium,Yes,,EDU,Ahmedabad,Gujrat,2012,,60000,380009,90.8,"Gujarati, Hindi, English",,23.03277,72.56998,,
Saire Jo Radio,Yes,No,,Kutch,Gujrat,2012,,,370615,90.4,Kutchi,,23.37074,69.26154,,
Radio Aravali,,,NGO,Mahendragarh,Haryana,2018,,,123001,90.4,Haryanvi,,28.12987,76.14938,,
Krishi Vigyan Kendra Community Radio Station,,,EDU,Panipat,Haryana,,,,132103,90.4,Hindi,,29.42952,76.99058,,
Apna Radio,,,NGO,Charkhi Dadri,Haryana,2018,,70000,127306,91.2,"Hindi, Haryanvi",,28.60186,76.23751,,
OSGU Radio,,,NGO,Hisar,Haryana,2022,,22000,125001,90,Hindi,,29.16748,75.72357,,
Radio Manav Rachna,Yes,,NGO,Faridabad,Haryana,2011,2009,200000,121001,107.8,"Hindi, English, Haryanvi, Punjabi",,28.39341,77.30649,,
Gurgaon Ki Awaaz Samudayik Radio,Yes,,NGO,Gurgaon,Haryana,2009,,500000,122016,107.8,"Hindi, Haryanvi, Bhojpuri, Garhwali, Kumaoni, Maithili, Bundeli, Rajasthani",,28.51304,77.08107,,
CCSHAU CRS,,,KVK,Hisar,Haryana,2009,,,125004,91.2,"Hindi, Haryanvi, English","1, 2, 10, 12",29.110897,75.693532,,1
Radio Mewat,Yes,,NGO,Mewat,Haryana,2010,,700000,122107,90.4,"Hindi, Mewati","1, 2, 3, 4, 5, 6, 8, 13",27.14203,78.09935,,
Alfaz-e-Mewat,Yes,,NGO,Mewat,Haryana,,2012,225000,122108,107.8,Hindi,"1, 2, 3, 4, 5, 6, 16",27.91723,76.98278,,
Radio Sanjha,Yes,,NGO,Yamuna Nagar,Haryana,2013,,300000,135001,90.8,"Hindi, English, Punjabi, Urdu, Bhojpuri","3, 5, 6, 8",30.1312,77.26596,,
Radio NGF,Yes,,EDU,Palwal,Haryana,2015,2014,,121102,90.4,"Hindi, Haryanvi","3, 5, 6, 10",28.1087,77.256172,,
Radio Mind Tree,,,EDU,Ambala,Haryana,2012,,,134003,91.2,"Hindi, English","3, 4, 5, 11",30.24712,76.70164,,
Radio Gramoday,,,NGO,Karnal,Haryana,2019,,300000,132024,90.4,"Hindi, English, Punjabi, Haryanvi","3, 4, 6, 8, 12",29.692382,76.762507,,
J.G. Radio,Yes,,EDU,Sirsa,Haryana,2012,,,125055,90.8,"Hindi, English, Punjabi","4, 9, 16",29.56954,75.08503,,
Radio RR Swarganga,,,EDU,Sirsa,Haryana,2017,,25000,125102,91.2,"Hindi, Punjabi","4, 5, 11, 13",29.502453,74.705174,,
Kuthar Radio,,,NGO,Shimla,HP,2018,,100000,171226,90.8,"Tamil, English","3, 4, 5, 8",30.98835,77.45075,,
Amlela Ki Awaz,,,NGO,Kangra,HP,2023,,,176027,89.6,"Hindi, Punjabi, Pahari","4, 8, 9, 16",32.026331,76.097201,,
Hamara MSPICM,Yes,,EDU,Solan,HP,2009,,100000,173212,90.4,"Hindi, English, Pahari","3, 4, 5, 13, 16",30.89658,77.11697,,
Radio Gunjan,,,EDU,Kangra,HP,2017,,500000,176057,91.2,"Hindi, Pahari, Gadyali, Punjabi","3, 4, 5, 10",20.08759,73.7181,,
Radio Sharda,Yes,,NGO,Jammu,JK,2011,,100000,181121,90.4,"Kashmiri, Dogri, Punjabi, Hindi","3, 4, 5, 6",32.7543,74.83281,,
Radio Jagriti,,,NGO,Giridih,JH,2013,,140000,825324,90.4,"Hindi, Khortha","3, 4, 5, 12",24.19657,86.19205,,
Radio Active,Yes,No,,Bangalore Urban,Karnataka,2007,,,560001,90.4,"Kannada, Telegu, Hindi, English, Tamil, Urdu",,12.975615,77.593462,,
Radio Universal,Yes,No,,Bangalore Urban,Karnataka,2010,2010,,560044,106.8,"Kannada, Telegu, Tamil, English, Hindi",,,,,
Krishi Community Radio Station,Yes,,KVK,Dharwad,Karnataka,2007,,,580005,90.4,Kannada,"3, 4, 5, 8, 12",15.56489,75.05564,,
Radio Manipal,Yes,,EDU,Udipi,Karnataka,2008,,25000,576104,90.4,"Kannada, Tulu, Konkani, English","3, 5, 6, 8",13.34843,74.77939,,
Namma Dhwani CRS,Yes,,NGO,Kolar,Karnataka,2008,,8000,563147,90.4,"Kannada, Telegu","1, 3, 4, 5, 6, 13, 16",,,,
Antarvani CRS,Yes,,EDU,Gulbarga,Karnataka,2008,,,585103,90.8,Kannada,"3, 5, 10",17.31861,76.82144,,
Radio Sarang,,,EDU,Dakshina Kannada,Karnataka,2009,,,575003,107.8,Kannada,"3, 4, 6, 13",12.89342,74.83015,,
Sarathi Jhalak,Yes,,NGO,Bangalore Urban,Karnataka,2012,,,560067,90.4,Kannada,"4, 5, 6, 10",12.9813,77.83132,,
Neladani Community Radio Station,,,NGO,Bangalore Urban,Karnataka,2011,,30000,562123,90.8,"Kannada, Hindi","3, 4, 5, 10, 16",13.18454,77.68821,,
Janadhwani CRS,Yes,,EDU,Mysore,Karnataka,2012,,54000,571121,90.8,Kannada,"9, 11, 14",11.98283,76.306,,
KLE Dhwani–BVB,,,EDU,Dharwad,Karnataka,2013,,50000,580031,90.4,Kannada,"4, 11, 12, 13",15.38238,75.11152,,
Namma Naadi,,,EDU,Bangalore Urban,Karnataka,2017,,50000,560099,90.4,Kannada,"3, 4, 5, 10",12.81537,77.68514,,
Nammur Banuli,,,NGO,Belgaum,Karnataka,2016,,25000,591122,90.8,Kannada,"3, 4, 5, 6, 15",15.61913,77.25855,,
KLE Venudhwani,,,EDU,Belgaum,Karnataka,2015,,200000,590010,90.4,"Kannada, Marathi, Hindi, English, Urdu, Konkani","3, 5, 8, 11",15.90468,74.53126,,
Radio Ninada,,,EDU,Dakshina Kannada,Karnataka,2015,,30000,574240,90.4,"Kannada, Tulu, Konkani, English","3, 5, 6, 16",12.91516,75.26369,,
B.E.C. Dhwani,,,EDU,Bagalkot,Karnataka,2020,,25000,587102,90.4,Kannada,"3, 4, 7",16.17154,75.66641,,
Radio Shivamogga,,,NGO,Shivamogga,Karnataka,2022,,50000,577204,90.8,"Kannada, English, Hindi, Tulu, Kodava, Konkani, Lambani, Tamil, Telegu, Marathi, Malayalam, Urdu","2, 4, 5, 6, 7, 8, 13, 16",13.974225,75.516024,,
Radio Manasa,,,EDU,Mysore,Karnataka,2021,,25000,570006,89.6,"Kannada, English","3, 4, 5",12.32168,76.62389,,
Sahakar Radio Gadag,,,KVK,Gadag,Karnataka,,,19000,582205,89.6,Kannada,"3, 12, 16",15.44963,75.47094,,
Radio Siddhartha,Yes,,EDU,Tumkur,Karnataka,2009,,,572105,90.8,Kannada,"3, 4, 5, 6",13.31967,77.0971,,
Radio Panchajanya,,,NGO,Dakshina Kannada,Karnataka,2017,,15000,574203,90.8,"Kannada, English, Hindi, Tulu, Konkani","3, 12",12.779868,75.207064,,
Jnanadhwani Community Radio,,,EDU,Mysore,Karnataka,2020,,,570004,90.8,Kannada,"3, 4, 5",12.29221,76.65054,,
JSS Radio,,,EDU,Mysore,Karnataka,2021,,,570025,91.2,"Hindi, Punjabi","3, 5, 10, 13",28.71651,77.17685,,
Radio DC,Yes,No,,Trivandrum,Kerala,,2006,,695585,90.4,"Malayalam, Hindi, English",,8.58724,76.87704,,
Community Radio Mattoli,Yes,,NGO,Wayanad,Kerala,2007,2009,500000,670645,90.4,"Malayalam, Tribal","2, 3, 4, 5, 6, 10, 11, 12",11.74344,76.0402,,
Radio MACFAST,Yes,,EDU,Pathanamitta,Kerala,2009,,1000000,689101,90.4,Malayalam,"4, 6, 8",9.35892,76.62597,,
Community Radio Benziger,Yes,,NGO,Kollam,Kerala,2010,,300000,691001,107.8,"Malayalam, Tamil, Hindi, Telegu, English","3, 11, 12, 15",8.886913,76.592167,,
Radio Media Village,Yes,,EDU,Kottayam,Kerala,2012,,100000,686104,90.8,"Malayalam, Tamil, Hindi, English","3, 4, 5, 8, 12",9.47072,76.58732,,
Ahalia FM,Yes,,NGO,Palakkad,Kerala,2014,,100000,678557,90.4,"Malayalam, Tamil, English","3, 4, 6, 13",10.814581,76.831733,,
Global Radio,,,NGO,Alappuzha,Kerala,2014,,45000,688651,91.2,"Malayalam, Hindi, English","3, 4, 5, 6",,,,
Janvani,Yes,,NGO,Kannur,Kerala,2012,,75000,670692,90.8,"Malayalam, Tamil, Hindi, English, Sanskrit","3, 4, 5, 13, 14",11.78236,75.58516,,
Ente Radio,,,NGO,Kollam,Kerala,2014,,100000,690544,91.2,Malayalam,"1, 2, 3, 5, 6",9.06782,76.52281,,
Radio Mangalam,,,EDU,Kottayam,Kerala,2016,,,686631,91.2,"Malayalam, Hindi, English","4, 5, 8, 12",9.674135,76.566162,,
Hello Radio,,,NGO,Thrissur,Kerala,2017,,100000,680020,90.8,Malayalam,"2, 3, 4, 16",10.532604,76.205904,,
Radio Neythal,,,NGO,Alappuzha,Kerala,,,400000,68800,107.8,Malayalam,"3, 4, 5, 8, 14",,,,
Kuttanadu Radio,,,KVK,Thiruvananthapuram,Kerala,2017,,,695003,90,Malayalam,"12, 15",8.52854,76.96281,,
Radio Kochi,,,EDU,Ernakulam,Kerala,2021,,200000,682011,90,"Malayalam, Hindi, English","13, 11, 4, 5",9.97023,76.2801,,
Radio 90 FM,,,EDU,Kottayam,Kerala,2022,,90000,686518,90,Malayalam,"3, 4, 5, 6, 7, 8, 9, 10, 11",9.49362,76.86002,,
Galaxy Karunasai Radio,,,NGO,Thiruvananthapuram,Kerala,2022,,82000,695543,91.2,Malayalam,"3, 4, 5, 6",8.5991,76.97639,,
Sargakshetra FM,,,NGO,Kottayam,Kerala,2022,,,686561,89.6,Malayalam,"1, 2, 3, 4, 5, 8, 10",10.07116,76.74609,,
My Radio,,,NGO,Thrissur,Kerala,2022,,36000,680004,90,Malayalam,"3, 4, 15",10.51822,76.20483,,
Radio Malabar,,,NGO,Kannur,Kerala,2022,,150000,670702,89.6,"Malayalam, Hindi, English, Sanskrit","1, 4, 5, 6",11.85715,75.65673,,
Radio DC,,,EDU,Kottayam,Kerala,2005,,20000,695581,90.4,"Malayalam, Hindi, English","4, 5, 8, 10",8.561078,76.889391,,
Radio Popcorn,,,EDU,Bhopal,MP,2008,,5000,462026,90.4,"Hindi, English","3, 4, 8, 9",23.179683,77.441512,,
Kisan Vani CRS,Yes,,NGO,Vidisha,MP,,2008,150000,452006,90.4,"Hindi, Bundeli","1, 12, 13, 15",17.66744,75.9172,,
Radio Dhadkan,Yes,,NGO,Gwalior,MP,2010,,25000,473551,107.8,Hindi,"1, 2, 3, 4, 5, 6, 13",25.45091,77.7798,,
Chander Ki Awaz,Yes,,NGO,Chanderi,MP,2010,,120000,473446,90.4,Hindi,"1, 3, 4, 5, 8, 9, 10",24.756815,78.065193,,
Vanya Radio Sesaipura,Yes,,EDU,Sheopur,MP,2012,,,476355,90.8,"Hindi, Sahriya","3, 11, 15, 16",25.510867,77.056446,,
Vanya Radio Nalchha,Yes,,EDU,Dharwad,MP,2013,,22000,454010,90.8,"Hindi, Bhili","3, 4, 10, 12",22.57813,75.54043,,
Vanya Radio CSAN (Bhabra),Yes,,EDU,Alirajpur,MP,2011,,22000,457882,90.4,"Hindi, Bhili","3, 10, 15",22.579445,74.335286,,
Vanya Radio Khalwa,Yes,,EDU,Khandwa,MP,2011,,100000,450117,90.4,"Hindi, Korku","4, 12, 15, 16",22.01768,76.71136,,
Vanya Radio Chanda,Yes,,NGO,Dindori,MP,2013,,35000,454010,90.4,"Hindi, Baigani","3, 4, 8, 16",22.57813,75.54043,,
Vanya Radio Chicholi,Yes,,EDU,Betul,MP,2012,,70000,460330,90.4,"Hindi, Gondi","3, 11, 12, 15",22.2972,77.57341,,
Vanya Radio Bijori,,,NGO,Bhopal,MP,2012,,,480559,90.4,"Hindi, Bhariya","3, 5, 10,16",22.509857,78.747621,,
Vanya Radio Meghnagar,,,EDU,Jhabua,MP,2013,,,457779,90.4,"Hindi, Bhili","3, 4, 8, 10",22.96173,74.86162,,
Radio Tantya Bhil,,,NGO,Jhabua,MP,2022,,100000,457661,90.8,"Hindi, Bhili","1, 2, 3, 4, 5, 6, 13, 16",22.76585,74.80014,,
Radio Awaaz,Yes,,NGO,Sehore,MP,2013,,,466651,91.2,Hindi,"3, 12",23.389785,77.079471,,
Radio Mann,,,NGO,Vidisha,MP,2015,,200000,464001,90.8,,"3, 4, 8, 16",23.532267,77.973865,,
Radio Life,,,NGO,Sagar,MP,2018,,50000,470113,90.4,Hindi,"4, 8, 12, 15",24.27148,78.21893,,
Radio Time,,,NGO,Sagar,MP,2018,,,470001,90.8,Hindi,"3, 4, 5, 10",23.81056,78.73626,,
Radio Dastak,,,NGO,Ujjain,MP,2019,,250000,456010,90.8,"Hindi, Malvi","1, 2, 3, 4, 5",23.16237,75.80848,,
Radio Guru,,,NGO,Guna,MP,2022,,,473001,90.4,Hindi,"4, 5, 8, 16",24.703916,77.424297,,
Radio Goonj,,,NGO,Gwalior,MP,2021,,,474002,90.8,Hindi,"3, 5, 12",26.19626,78.17995,,
Radio Shiv Sundaram,,,NGO,Raisen,MP,2022,,34000,464881,90.4,Hindi,"3, 4, 5",23.480065,78.52065,,
Bundeli Radio,,,NGO,Hamirpur,MP,,,95000,471201,90.8,"Hindi, English, Bundeli","3, 4, 6, 13",25.025641,79.447886,,
Azad Hind Radio,Yes,,NGO,Bhopal,MP,,2012,,462002,90.8,Hindi,"4, 16",28.71231,77.11924,,
Radio Bundelkhand,Yes,,NGO,Tikamgarh,MP,2008,,,472246,90.4,"Hindi, Bundeli","4, 5, 6, 8, 13",25.34834,78.58921,,
KVK Pravara CR,Yes,No,,Ahmednagar,Maharashtra,,2009,,413737,90.8,Marathi,,19.66677,74.51164,,
MUST Radio,Yes,No,,Mumbai,Maharashtra,,2008,,400055,107.8,"Malayalam, Hindi, English",,19.08367,72.84018,,
Radio FTII,Yes,No,,Pune,Maharashtra,,2007,,411004,90.4,"Marathi, Hindi, English",,18.51123,73.82343,,
Radio Mast,Yes,No,,Nashik,Maharashtra,,2011,,423105,90.4,"Marathi, Hindi, English, Urdu, Ahirani, Khandeshi",,20.567941,74.663464,,
Sadhana Radio,Yes,No,,Amravati,Maharashtra,,2012,,444701,90.4,"Marathi, Hindi",,20.791392,77.69942,,
Vidyavani Community Radio,Yes,,EDU,Pune,Maharashtra,2005,,30000,411007,107.4,"Marathi, Hindi, English","3, 4, 5, 11, 13",18.552157,73.815439,,
Vasundhara Krishi Vahini,Yes,,EDU,Pune,Maharashtra,2004,,200000,413133,90.4,Marathi ,"3, 10, 11, 12, 17",18.210592,74.581477,,
Tarang Vahini,Yes,,NGO,Satara,Maharashtra,2008,,160000,415509,90.4,Hindi,"3, 5, 12, 13",19.85998,73.04495,,
Green Community Radio,Yes,,NGO,Sangli,Maharashtra,2010,,40000,416416,90.4,Marathi,"3, 5, 8, 16",16.871756,74.53461,,
Swaranant Community Radio,Yes,,KVK,Washim,Maharashtra,2010,,250000,444506,90.4,Marathi,"3, 8, 12",19.3175,84.80221,,
Sharada Krishi Vahini,Yes,,KVK,Pune,Maharashtra,2011,,350000,413115,90.8,Marathi,"1, 3, 4, 5, 6, 13",18.11424,74.51516,,
Radio Nagar,Yes,,NGO,Ahmednagar,Maharashtra,2010,2011,40000,414003,90.4,"Marathi, Hindi","3, 4, 5, 8, 10",19.1174,74.72914,,
Yeralavani,Yes,,NGO,Sangli,Maharashtra,2011,,78000,416415,91.2,"Marathi, Kannada","3, 4, 5, 6, 8, 13",19.02771,72.86964,,
Radio Vishwas,Yes,,NGO,Nashik,Maharashtra,2012,2011,300000,422009,90.8,"Marathi, Hindi","3, 4, 5, 16",19.97454,73.76549,,
Radio MGM,,,EDU,Aurangabad,Maharashtra,,,200000,431003,90.8,"Marathi, Hindi","3, 4, 5, 6, 11, 13",19.913114,75.347048,,
Radio Vatsagulm,Yes,,NGO,Washim,Maharashtra,2015,,300000,444505,90.8,Marathi,"3, 4, 5, 15",20.28063,77.31366,,
Radio MGIRI,Yes,,NGO,Wardha,Maharashtra,,2013,45000,442001,90.4,"Marathi, Hindi","3, 4, 5, 9",20.688966,78.588795,,
Radio Terna,,,EDU,Osmanabad,Maharashtra,,,500000,413501,90.4,Marathi,"3, 4, 5, 10, 11, 12",18.150364,76.039191,,
Radio Wardha,,,NGO,Wardha,Maharashtra,2019,,500000,442001,90.8,"Marathi, Hindi","3, 4, 5, 6, 13",20.688966,78.588795,,
Radio Cotton City,,,EDU,Nagpur,Maharashtra,2019,,250000,444001,90.4,"Marathi, Hindi","3, 4, 5, 8",20.699648,77.016144,,
Radio Puneri Awaz,,,NGO,Pune,Maharashtra,2017,,50000,411017,107.8,"Marathi, Hindi, English","3, 4, 5, 8",18.60628,73.7834,,
Apna Nagpur,,,EDU,Nagpur,Maharashtra,2022,,,440001,90.8,"Marathi, Hindi, English","2, 4, 11",12.95198,78.25463,,
Radio Manbhavan,,,EDU,Jalgaon,Maharashtra,2022,,,425001,90.8,Marathi,"3, 4, 5, 10",21.02012,75.58183,,
Radio Deogiri,,,NGO,Aurangabad,Maharashtra,2022,,55000,431010,91.2,"Marathi, Hindi, English","2, 3, 4, 5, 6, 8, 15",19.86483,75.34999,,
Radio Sugar,,,NGO,Sangli,Maharashtra,2021,,10000,415414,90.8,Marathi,"4, 13",12.77301,78.71051,,
Radio Namkeen,,,NGO,Nashik,Maharashtra,2021,,150000,422003,91.2,"Marathi, Hindi, English","4, 5, 10, 16, 17",20.04163,73.92309,,
Radio Manbhavan,,,,,Maharashtra,2022,,500000,425001,90.8,Marathi,"3, 4, 5, 10",21.02012,75.58183,,
Infinity Community Radio,,,NGO,Pune,Maharashtra,2022,,6000,411044,90.4,"Marathi, Hindi, English","3, 5",18.65399,73.7743,,
Radio Silvercity,,,EDU,Akola,Maharashtra,2022,,190000,444303,89.6,"Marathi, Hindi","4, 5, 15",20.60058,76.81699,,
Radio Parbhani,,,NGO,Parbhani,Maharashtra,2020,,30000,431401,90.8,"Marathi, Hindi","4, 12",19.27852,76.76029,,
Radio Kokan,,,NGO,Ratnagiri,Maharashtra,2022,,,415605,90.4,"Marathi, Hindi, Local Languages","4, 5, 11, 13",17.38638,73.52887,,
Dnyanvani,Yes,,EDU,Mumbai,Maharashtra,2017,2006,,400706,90.4,"Marathi, Hindi, English","4, 5, 16",19.02235,73.02249,,
Radio Ranvara,,,EDU,Aurangabad,Maharashtra,2022,,300000,431001,89.6,Marathi,"1, 3, 4, 5, 6, 13",19.86761,75.34123,,
Guruwani Community Radio,,,EDU,,Maharashtra,2019,,200000,421301,90.8,"Marathi, Hindi, English","3, 4, 5, 6, 13, 16",19.26235,73.12291,,
Radio Mango,,,EDU,Kolhapur,Maharashtra,2022,,,416001,90.4,"Marathi, Hindi","4, 5, 11, 13",16.601162,74.147485,,
Dnyanvardhini Radio,,,EDU,Pune,Maharashtra,2023,,500000,413106,90.4,Marathi,"1, 3, 4, 5, 6, 13",18.15178,74.9548,,
Diamond Radio,,,NGO,Thoubal,Manipur,2017,,75000,795148,91.2,"Manipuri, English, Local Languages","3, 4, 15, 16",24.58997,94.02341,,
Radio FEEDS,,,NGO,Senapati,Manipur,2019,,40000,795129,91.2,"Manipuri, Thadou","4, 6, 8",25.18029,93.97847,,
Radio Nongin,,,NGO,Thoubal,Manipur,2020,,500000,795001,90.8,Meiteilon,"3, 4, 5, 12",28.53962,77.25911,,
Hills FM,,,NGO,Dimapur,Nagaland,2022,,,797112,90.8,"Hindi, English, Nagamese","3, 5, 13, 15",25.80462,93.7501,,
Radio Surabhi,,,NGO,Khordha,Odisha,2015,,100000,752091,90.4,"Odia, Hindi, English","3, 4, 5, 6, 8, 11, 13, 17",20.27873,84.71104,,
Radio Sanskar,Yes,,NGO,Jagatsinghpur,Odisha,2011,,70000,754103,91.2,Odia ,"4, 5, 6, 8, 12",20.10456,86.2014,,
Dhimsa Radio,,,NGO,Koraput,Odisha,2008,,160000,764020,90.4,"Odia, Local Language","3, 4, 5, 6, 8",18.78568,82.70709,,
Radio Kissan,Yes,,NGO,Khordha,Odisha,2012,,30000,752102,90.8,Odia ,"2, 12, 15",20.08991,85.99443,,
Radio Upakaar,,,NGO,Kendujhar,Odisha,2020,,86000,758027,90.4,"Odia, Hindi, Local Language","3, 4, 5, 8, 13",21.45554,85.9113,,
Radio Swaraj,,,NGO,Jajpur,Odisha,2018,,150000,755044,90.4,Odia ,"3, 4, 5, 6, 13",20.703667,86.083542,,
Radio Swagatam,,,NGO,Kendujhar,Odisha,2018,,,758027,91.2,"Odia, Hindi, English, Local Language","4, 5, 12",21.45554,85.9113,,
Radio Muskan,,,NGO,Kandhamal,Odisha,2012,,30000,762001,90.4,"Odia, Kui","3, 4, 5, 11",20.46728,84.24824,,
Radio Janavani,,,NGO,Gajapati,Odisha,2017,,30000,761200,90.8,Odia,"2, 3, 4, 8",20.31233,85.8202,,
Radio Namaskar,Yes,,NGO,Puri,Odisha,2010,,500000,752111,90.4,"Odia, Hindi, Telegu","2, 4, 12, 15",19.97009,86.17764,,
Radio Swayamshakti,,,NGO,Naupada,Odisha,2015,,35000,766107,90.4,"Odia, Hindi, Koshali","3, 4, 12, 13",20.59729,82.5821,,
Radio Hirakhand,,,NGO,Cuttack,Odisha,2018,,150000,768001,90.8,"Odia, Sambalpuri","4, 5, 7, 8, 11",21.47514,84.00287,,
Radio Utkal,,,NGO,Cuttack,Odisha,2021,,25000,753003,91.2,"Odia, Hindi, English","3, 4, 5, 6, 8, 11, 13",20.46789,85.89086,,
Radio Sampark,,,NGO,Khordha,Odisha,2021,,200000,754207,89.6,"Odia, Hindi","1, 2, 3, 4, 5, 6, 8, 12, 13",20.4922,86.205684,,
Radio Sikhya,,,NGO,Khordha,Odisha,,,40000,757001,90.4,"Odia, Hindi","3, 8, 9, 12",21.93809,86.746666,,
Radio Swarsangam,,,NGO,Naupada,Odisha,2022,,20000,766108,90.8,"Odia, Sambalpuri","4, 5, 8",20.27827,82.57709,,
Radio Bhabagrahi,,,NGO,Kendrapara,Odisha,2022,,30000,754250,90.4,"Odia, Hindi, English","4, 5, 6, 8, 12",20.560577,86.342746,,
Voice of SOA Community Radio,Yes,,EDU,Bhubaneswar,Odisha,2012,,,751030,90.4,"Odia, Hindi, English","3, 4, 13",20.26247,85.782042,,
Ravenshaw Radio,Yes,,EDU,Cuttack,Odisha,2011,2014,10000,753003,90.4,"Odia, Hindi, English","3, 4, 5, 8, 13",20.470471,85.90234,,
Radio Bulbul,,,NGO,Bargah,Odisha,2017,,,756100,91.2,"Odia, Hindi, English, Urdu","3, 4, 5, 10",21.10054,86.51546,,
Puduvai Vaani CRS,Yes,,EDU,Puducherry,Puducherry,2008,,40000,605014,107.8,"Tamil, English, Hindi","3, 4, 5, 6, 11, 13",12.06752,79.80638,,
Nila Community Radio,Yes,,EDU,Puducherry,Puducherry,2005,2006,12500,605107,90.4,Tamil ,"3, 5, 6, 8",11.93906,79.6481,,
Pudiya Udayam,,,NGO,Puducherry,Puducherry,2015,,20000,605001,91.2,Tamil ,"2, 3, 4, 5, 6, 8",11.929721,79.826873,,
Radio Punjab,,,EDU,Mohali,Punjab,2021,,105000,140413,90,Punjabi,"3, 4, 5, 11, 13, 16",29.50468,77.71173,,
Radio Raabta,,,EDU,Jalandhar,Punjab,2017,,,144004,90.8,"Punjabi, Hindi, English","4, 9, 12, 13",32.06384,75.42046,,
GNA Radio,,,EDU,Kapurthala,Punjab,2021,,,144401,90,"Punjabi, Hindi, English","4, 5, 10, 11, 13",31.21741,75.7909,,
VWS Radio,,,EDU,Firozpur,Punjab,2022,,55000,152004,90.8,"Punjabi, Hindi, English","2, 3, 4, 5, 10",28.30393,77.08868,,
Avtar Community Radio,Yes,,NGO,Jalandhar,Punjab,,2012,55000,144701,90.4,Punjabi,"3, 6, 13, 15",25.07396,85.72409,,
Radio Banasthali,Yes,No,,Tonk,Rajasthan,,2005,,304022,90.4,"Rajasthani, Hindi",,26.39038,75.90366,,
Radio Eminent,Yes,No,,Tonk,Rajasthan,,2008,,304502,90.4,"Rajasthani, Hindi",,26.50104,75.35397,,
CRS Radio-7,Yes,,NGO,Jaipur,Rajasthan,2015,2005,20000,302020,90.4,"Rajasthani, Hindi","3, 4, 16",26.852381,75.76622,,
Alwar ki Awaz,Yes,,EDU,Alwar,Rajasthan,2013,,125000,301030,90.8,"Rajasthani, Hindi, English","4, 5, 8, 9",27.502024,76.675922,,
Radio Madhuban,Yes,,EDU,Sirohi,Rajasthan,2011,,180000,307510,90.4,"Hindi, English, Gujarati, Marwari, Tribal","3, 4, 5, 11",24.646,72.97719,,
Kamalvani CRS,Yes,,NGO,Jhunjhunu,Rajasthan,2012,,15000,333042,90.4,"Rajasthani, Hindi","1, 2, 4, 6",27.87361,75.37191,,
Kisanvani Deeg,,,NGO,Bharatpur,Rajasthan,2018,,,321001,90.8,"Hindi, Brij","4, 5, 8, 12",28.56156,77.35886,,
Chetna Radio,,,NGO,Hanumangarh,Rajasthan,2021,,50000,225063,90.4,"Punjabi, Hindi ","2, 3, 5, 12",,,,
Aapano Radio Jhunjhunu ki Awaz,,,NGO,Jhunjhunu,Rajasthan,2022,,50000,333001,91.2,"Hindi, English, Marwari","4, 8, 12, 16",27.87361,75.37191,,
Radio Ginni,,,EDU,Tonk,Rajasthan,2022,,5000,304021,90.8,"Hindi, English, Local Language","3, 5, 11, 16",26.4877,75.98308,,
FM Sikar,,,NGO,Sikar,Rajasthan,,,500000,332001,89.6,"Hindi, Marwari","1, 4, 5, 8",27.61407,75.14847,,
Radio FM 24 Bhiwadi,,,NGO,Alwar,Rajasthan,2021,,100000,301019,90.8,Hindi ,"3, 4, 5, 8, 10",28.16596,76.87325,,
Radio JNU,,,EDU,Jaipur,Rajasthan,2021,,15000,303012,89.6,"Hindi, English","3, 4, 8",26.86725,75.969547,,
V1 Radio,,,NGO,Jalore,Rajasthan,,,5000,343001,90.8,Hindi ,"3, 4, 5, 16",25.341267,72.591462,,
Radio Jhunjhunu,,,NGO,Jhunjhunu,Rajasthan,2022,,200000,333001,90.9,Hindi ,"4, 5, 16",27.87361,75.37191,,
Vagad Radio,,,EDU,Banswara,Rajasthan,2017,,147000,327026,90.8,"Hindi, Vaagdi","3, 4, 8, 12",23.77407,74.37781,,
Kisanvani Kota Digod,,,NGO,Kota,Rajasthan,2016,,20000,324001,90.4,Local Language,"3, 5, 6",25.185503,75.870824,,
Radio Selfie,,,NGO,Jaipur,Rajasthan,,,20000,302039,90.8,"Hindi, English, Marwari","3, 4, 5",26.94427,75.77717,,
Radio Tilonia,Yes,,EDU,Ajmer,Rajasthan,2009,,35000,305716,90.4,"Hindi, English, Marwari","4, 5, 12",,,,
Radio Rajasthan,,,EDU,Sikar,Rajasthan,,,400000,,91.2,"Hindi, Shekhawati","3, 4, 5, 10",,,,
Radio Kanchenjunga,,,NGO,West Sikkim,Sikkim,2011,,,737113,91.2,Nepali,"3, 4, 5, 6, 12",27.396166,88.129139,,
PARD Vaanoli,Yes,No,,Madurai,Tamil Nadu,,2009,,625020,91.2,Tamil,,9.91443,78.15109,,
Anna Community Radio,Yes,,EDU,Chennai,Tamil Nadu,2004,,17000,600025,90.4,"Tamil, English","3, 4, 5, 11",12.9596,80.05824,,
Shyamalavani Community Radio,Yes,,EDU,Madurai,Tamil Nadu,2011,,,625022,90.4,"Tamil, English, Hindi","4, 5, 12",9.85388,77.93151,,
Kongu Community Radio,Yes,,EDU,Erode,Tamil Nadu,2004,2005,8000,638060,90.4,Tamil,"3, 4, 6, 13",,,,
MOP Community Radio Station,Yes,,EDU,Chennai,Tamil Nadu,2005,,,600034,107.8,"Tamil, English","3, 4, 5, 11, 13, 14",13.06162,80.23474,,
Mugil CRS,,,EDU,Erode,Tamil Nadu,2005,,12000,638057,91.2,Tamil,"3, 4, 5, 9, 10",11.315459,77.527546,,
Loyola Community Radio,Yes,,EDU,Chennai,Tamil Nadu,2005,,,600034,107.4,"Tamil, English","4, 5, 10, 16",13.06162,80.23474,,
Pasumai Community Radio,Yes,,EDU,Dindigul,Tamil Nadu,2007,,,624005,90.4,Tamil,"1, 2, 3, 4, 5, 6, 8",10.42855,77.99054,,
Holy Cross Campus Community Radio,,,EDU,Tiruchirapalli,Tamil Nadu,2006,,4000,620002,90.4,Tamil,"3, 4, 5, 6, 10, 11, 12, 13",10.82532,78.69614,,
SRM Muthucharam Community Radio,Yes,,EDU,Kanchipuram,Tamil Nadu,2007,2006,60000,603203,90.4,"Tamil, English, Hindi","3, 5, 11",12.83907,80.04307,,
PSG Community Radio,Yes,,EDU,Coimbatore,Tamil Nadu,2007,,48800,641004,107.8,"Tamil, English","3, 6, 13,15",11.032154,77.004626,,
Sivanthi Community Radio,,,EDU,Thoothukudi,Tamil Nadu,2007,,10000,628216,90.4,"Tamil, English","4, 5, 8, 11, 15",8.53422,78.10391,,
Kalanjiam Samuga Vanoli,Yes,,NGO,Madurai,Tamil Nadu,2009,,15000,611103,90.8,Tamil,"1, 2, 8, 12",10.61409,79.84034,,
KSR Community Radio,Yes,,EDU,Namakkal,Tamil Nadu,2010,,7000,637215,90.4,"Tamil, English","2, 4, 5, 6, 15",11.372539,77.825292,,
TNAU Vivasayee CRS,Yes,,KVK,Coimbatore,Tamil Nadu,2010,,10000,641003,107.4,Tamil,"2, 3, 8, 13",11.01343,76.93614,,
Ilanthalir CRS,Yes,,EDU,Kanchipuram,Tamil Nadu,2008,,20000,602105,107.2,Tamil,"3, 4, 5, 13",12.8196,79.96195,,
Rathinavani Community Radio,,,EDU,Coimbatore,Tamil Nadu,2013,,27000,641021,90.8,"Tamil, English","3, 4, 5, 8, 9, 13",11.04558,77.01058,,
Vayalaga Vanoli,Yes,,NGO,Madurai,Tamil Nadu,2011,,75000,625103,90.4,Tamil,"1, 2, 5, 8",10.18989,78.36692,,
AGN School CRS,Yes,,EDU,Salem,Tamil Nadu,2014,,3000,637102,91.2,"Tamil, English","4, 5, 6, 15, 16",11.553867,77.89389,,
SSM CR,Yes,,EDU,Namakkal,Tamil Nadu,2012,,,638183,90.8,"Tamil, English","3, 4, 6, 13",11.39466,77.76528,,
Thendral Community Radio,Yes,,NGO,Chennai,Tamil Nadu,,2014,10000,600041,91.2,"Tamil, English","3, 4, 6, 13",12.973548,80.26001,,
VIT Community Radio,Yes,,EDU,Vellore,Tamil Nadu,2014,,100000,632014,90.8,"Tamil, English","3, 4, 5, 7, 8",12.96965,79.15799,,
Radio Kotagiri,Yes,,NGO,Nilgiris,Tamil Nadu,2013,,,643217,90.4,"Tamil, English, Hindi, Malayalam, Local Languages","3, 5, 6, 13, 15",11.52334,76.94126,,
PGP Community Radio,Yes,,EDU,Namakkal,Tamil Nadu,2010,,2000,637207,90.8,"Tamil, English","2, 4, 5, 6, 15, 16",11.29699,78.13112,,
Periyar Community Radio,Yes,,EDU,Thanjavur,Tamil Nadu,,2007,40000,613403,90.4,Tamil,"3, 4, 5, 8, 13",10.68456,79.06331,,
Bannari Amman Community Radio,,,EDU,Erode,Tamil Nadu,2016,,20000,638401,90.4,"Tamil, English, Hindi","3, 5, 13, 15",11.45232,77.40907,,
Arasu,,,EDU,Thanjavur,Tamil Nadu,2017,,10000,612501,90.4,"Tamil, English","3, 4, 6, 13",11.008287,79.369083,,
BWDA Community Radio,,,NGO,Viluppuram,Tamil Nadu,2018,,8000,605602,90.4,"Tamil, English","3, 4, 5, 6, 8",11.95579,79.49197,,
Adirai,,,EDU,Thanjavur,Tamil Nadu,2016,,10000,614701,90.4,Tamil,"3, 4, 5, 8, 9",10.32157,79.36559,,
NITT Radio,,,EDU,Thiruchirapalli,Tamil Nadu,2016,,,620015,90.8,Multiple Languages,"4, 5, 8",10.745006,78.849589,,
Kadal Osai,,,NGO,Ekkathuangal,Tamil Nadu,2016,,,623521,90.4,Tamil,"3, 4, 5, 13, 14",9.2735,79.22761,,
Pudhugai,,,NGO,Pudukkottai,Tamil Nadu,2021,,15000,622003,91.2,Tamil,"4, 5, 6, 15, 16",10.35958,78.81533,,
Sruthi Community Radio,,,EDU,Kanchipuram,Tamil Nadu,,,30000,631561,90.8,Tamil,"4, 5, 11, 13",12.870474,79.796052,,
ANJAC Radio,,,EDU,Salem,Tamil Nadu,2022,,30000,626124,90.4,Tamil,"3, 4, 5, 6",9.96108,78.11174,,
Alagappa University Community Radio,,,EDU,Sivaganga,Tamil Nadu,2021,,,630001,90.8,"Tamil, English","8,5, 3, 6, 16",10.06692,78.76533,,
EGS Pillay CRS,,,EDU,Nagapattinam,Tamil Nadu,2022,,,611002,90,"Tamil, English","3, 4, 6, 13",10.81196,79.83915,,
JKKM Community Radio,,,EDU,Erode,Tamil Nadu,2021,,12000,638506,89.6,Tamil,"4, 5, 8, 12",11.52001,77.40831,,
JSiragugal Community Radio,,,NGO,Karur,Tamil Nadu,2022,,15000,639004,89.6,Tamil,"1, 4, 8",10.98125,78.14055,,
Sona FM,,,NGO,Salem,Tamil Nadu,2022,,,636302,89.6,Tamil,"2, 3, 4, 8, 11",11.681,78.12543,,
Mahendra Community Radio,,,EDU,Salem,Tamil Nadu,2022,,5000,636106,90.4,Tamil,"4, 5, 7, 8",11.62681,78.25392,,
Tirupur Radio,,,NGO,Tirupur,Tamil Nadu,2020,,10000,641607,90.4,Tamil,"1, 3, 4, 8",11.11629,77.37403,,
Deccan Radio,Yes,No,,Hyderabad,Telangana,,2009,,500001,107.8,"Telegu, Hindi, English, Urdu",,17.38492,78.46823,,
Sangham Radio,Yes,No,,Medak,Telangana,,2008,,502318,90.4,Telegu,,17.72267,77.66367,,
Radio Charminar,,,EDU,Hyderabad,Telangana,2015,,,500002,107.8,"Hindi, Urdu","3, 10",17.360559,78.478036,,
Radio Swarna CGC,,,NGO,Hyderabad,Telangana,,,200000,501301,90.8,Telegu,"4, 5, 8, 17",17.49726,78.59996,,
Pragnya FM,,,EDU,Hyderabad,Telangana,2016,,14000,500090,90.4,Telegu,"4, 5, 6",17.50953,78.38498,,
Bol Hyderabad,Yes,,EDU,Hyderabad,Telangana,2011,,150000,500046,90.4,"Telegu, Hindi, English","3, 4, 8, 9, 10",17.456703,78.33017,,
VJMS Awaaz Wanaparthy,,,NGO,Mahbubnagar,Telangana,2019,,500000,509103,90.4,"Telegu, Hindi, English","3, 4, 5, 8, 12",16.44709,77.88564,,
Radio Manjeera,,,NGO,Medak,Telangana,2018,,9000,502001,90.8,"Telegu, Hindi","3, 5, 15",14.05806,78.75282,,
Friends CR,,,NGO,West Tripura,Tripura,2017,,30000,799004,90.4,"Bengali, Kokborok, Hindi, English","3, 4, 5, 10, 16",23.81634,91.28054,,
NIVH Hello Doon,Yes,,EDU,Dehradun,Uttarakhand,2012,,60000,248009,91.2,"Hindi, English, Garhwali, Kumaoni","4, 5, 10, 16",25.8566,85.29321,,
Pantnagar Janvani,Yes,,KVK,Udham Singh Nagar,Uttarakhand,2011,,,263145,90.8,Hindi,"3, 4, 5, 10, 11, 13",28.96415,79.40826,,
Mandakini Ki Aawaz,Yes,,NGO,Rudraprayag,Uttarakhand,2014,,180000,246425,90.8,"Hindi, Garhwali","5, 9, 10, 11",30.36189,79.00418,,
Henvalvani Community Radio,Yes,,NGO,Tehri Garhwal,Uttarakhand,2012,,,249145,90.4,Hindi,,30.37476,78.39266,,
Radio Zindagee,Yes,,NGO,Dehradun,Uttarakhand,2014,,,248002,90.8,"Hindi, Garhwali","2, 3, 4, 8",22.61097,88.37027,,
Radio Kedar,,,NGO,Rudraprayag,Uttarakhand,2022,,20000,246442,91.2,"Hindi, Garhwali, English","3, 4, 5, 7, 8, 13",30.356474,79.075804,,
Radio Gham Chhaya,,,NGO,Dehradun,Uttarakhand,2021,,,248003,90,"Hindi, Nepali","3, 5, 8, 15",30.362454,78.048075,,
Radio Masti,,,NGO,Haridwar,Uttarakhand,2022,,200000,249407,89.6,Hindi,"4, 6, 13, 15",29.92654,78.102273,,
Radio Khushi,Yes,,EDU,Mussoorie,Uttarakhand,2010,,300000,248179,90.4,"Hindi, English, Punjabi, Garhwali, Jaunsari","3, 4, 5, 11, 13",30.458437,78.042368,,
Kumaon Vani,Yes,,NGO,Nainital,Uttarakhand,2010,,,263137,90.4,"Hindi, Kumaoni","3, 4, 5, 13, 15",29.429525,79.554724,,
Radio Rishikesh,,,,Rishikesh,Uttarakhand,2023,,,249201,90,"Hindi, Garhwali, Kumaoni","3, 6, 11, 13",32.70731,74.87593,,
Radio Garhvani,,,,Kotdwara,Uttarakhand,,,,246149,90.8,"Hindi, English, Garhwali, Kumaoni","6, 7, 11, 13",29.61406,78.60875,,
Hello Haldwani,Yes,No,,Haldwani,Uttarakhand,,2012,,263139,91.2,"Hindi, English, Garhwali, Kumaoni",,29.152064,79.605288,,
Himgiri ki Awaaz,Yes,No,,Dehradun,Uttarakhand,,2014,,,107.8,"Hindi, English",,,,,
BBD Community Radio,Yes,No,,Lucknow,UP,,2014,,226028,90.8,"Hindi, Awadhi, Bhojpuri, English",,26.9312,81.04311,,
CMS DC CR,Yes,No,,Lucknow,UP,,2005,,226001,90.4,"Hindi, Local language",,26.8432,80.9423,,
Ghazipur CR,Yes,No,,Ghazipur,UP,,2005,,233001,90.4,"Hindi, Bhojpuri",,25.56284,83.55422,,
Radio Amity,Yes,No,,Gautam Buddha Nagar,UP,,2013,,201303,107.8,"Hindi, English",,28.549857,77.349671,,
Radio Noida Lok Manch,Yes,No,,Gautam Buddha Nagar,UP,,2014,,201306,91.2,"Hindi, Local language",,28.56394,77.44575,,
City Montessori School Community Radio,Yes,,EDU,Lucknow,UP,2005,,100000,226010,90.4,Hindi,"3, 4, 5, 6, 8, 13, 14, 15",26.853864,81.042343,,
Radio IIMT,,,EDU,Meerut,UP,2007,,2000000,250401,90.4,Hindi,"3, 4, 10, 13, 16",29.118898,77.859596,,
Radio Adan,Yes,,KVK,Allahabad,UP,2008,,,211007,90.4,"Hindi, English, Local Language","1, 4, 5, 10, 12, 13",25.40279,81.85133,,
IITK CR,Yes,,EDU,Kanpur Nagar,UP,2010,,85000,208016,90.4,"Hindi, English","3, 4, 5, 8, 10, 11, 12, 13",26.20075,91.68528,,
Radio Noida,Yes,,EDU,Gautam Buddha Nagar,UP,2009,,50000,201301,107.4,Hindi,"3, 4, 5, 8, 16",28.58212,77.326699,,
Lalit Lokvani,Yes,,NGO,Lalitpur,UP,2010,,160000,284403,90.4,"Hindi, Bundeli","1, 3, 5, 6",24.74928,78.56708,,
Hint Radio,Yes,,EDU,Ghaziabad,UP,2009,2010,,201002,90.4,Hindi,"3, 4, 5, 8, 13",28.6453,77.16785,,
Agra Ki Awaz,Yes,,EDU,Agra,UP,2010,,,282002,90.4,"Hindi, English","3, 4, 8, 15, 16, 17",27.1941,78.00933,,
Voice Of Azamgarh,Yes,,NGO,Azamgarh,UP,2012,2011,45000,276206,90.8,"Hindi, Urdu, Bhojpuri","3, 4, 5, 6, 11",26.096357,83.003908,,
Kisan Radio,,,NGO,Basti,UP,2012,,40000,272001,90.4,"Hindi, Bhojpuri","1, 3, 4, 5, 16",26.793343,82.740109,,
FM Alive,Yes,,NGO,Aligarh,UP,2015,2014,,202002,90.8,Hindi,"4, 5, 8, 10, 12, 15",27.843229,77.996704,,
Waqt ki Awaaz,Yes,,NGO,Kanpur Nagar,UP,2013,,,209204,91.2,"Hindi, Awadhi","1, 2, 3, 4, 5, 6, 7, 13",26.72149,80.09142,,
Radio Narad,,,EDU,Aligarh,UP,2019,,60000,202146,90.4,"Hindi, English, Brij","1, 3, 4, 8, 9",26.72149,80.09142,,
Suno Sharda,,,EDU,Gautam Buddha Nagar,UP,2015,,110000,201306,90.8,"Hindi, English, Gujjari","3, 4, 5, 6, 8, 13",28.56394,77.44575,,
Radio SD,,,EDU,Muzaffarnagar,UP,,,,251306,90.8,Hindi,"1, 4, 15, 16",19.29915,73.0582,,
Radio Gorakhpur,,,NGO,Gorakhpur,UP,2018,,,273209,90.8,"Hindi, English, Bhojpuri","1, 2, 3, 4, 5, 6, 7, 13",26.67445,83.14413,,
Gorakhvani,,,NGO,Gorakhpur,UP,2019,,20000,273003,90.4,"Hindi, English, Bhojpuri","4, 8, 10, 11",26.78632,83.39451,,
Loudspeaker,,,NGO,Gorakhpur,UP,2019,,50000,226016,90,Bhojpuri,"4, 5, 8, 10",26.88092,80.97111,,
JNS Radio,,,NGO,Amroha,UP,2017,,22000,244231,90.8,Hindi,"4, 5, 6, 8, 13",28.96758,78.45433,,
Radio Badaun,,,NGO,Badaun,UP,2019,,34000,243601,90.4,Hindi,"11, 12, 15",24.87709,85.53749,,
Radio RBL India,,,NGO,Rae Bareili,UP,2022,,,229001,90.4,"Hindi, English, Local Language","4, 5, 10,11",26.2847,81.36627,,
Kabir Radio,,,NGO,Basti,UP,2018,,35000,272175,107.8,"Hindi, Bhojpuri","4, 5, 13, 14, 15",26.88682,83.0907,,
Radio Nageen,,,NGO,Meerut,UP,2018,,12000,250001,107.8,"Hindi, English","3, 4, 5, 11",29.018865,77.768095,,
KGMU Goonj,,,EDU,Lucknow,UP,2022,,,226003,89.6,"Hindi, English, Awadhi","11, 17",26.85835,80.91179,,
Radio Rang,,,NGO,Deoria,UP,2022,,300000,274001,89.6,"Hindi, Bhojpuri","3, 4, 12",26.51797,83.78684,,
Half Lemon,,,NGO,Azamgarh,UP,2022,,50000,276001,90.4,"Hindi, Urdu, Bhojpuri","3, 4, 5, 15",26.056521,83.15418,,
Brajvani,,,EDU,Agra,UP,2022,,500000,282004,89.6,"Hindi, English","3, 4, 8, 11",27.21085,77.99489,,
Omni Radio,,,NGO,Basti,UP,2022,,,272001,90,"Hindi, Bhojpuri","4, 5, 8",26.793343,82.740109,,
Radio Kesari,,,NGO,Deoria,UP,,,,274001,90,"Hindi, Bhojpuri","1, 3, 5, 6, 13",26.51797,83.78684,,
Azad Hind Radio,,,EDU,Meerut,UP,,,,249401,90,Hindi,"4, 5, 8, 16, 17",29.976786,78.122234,,
Salaam Namaste Community Radio,,,EDU,Gautam Buddha Nagar,UP,2009,,30000,201303,90.4,"Hindi, English","2, 3, 4, 8, 12",28.549857,77.349671,,
Radio Ambedkarnagar,,,NGO,Ambedkar Nagar,UP,2019,,275000,224231,90.4,"Hindi, Awadhi, Bhojpuri","1, 2, 3, 12, 15",26.417959,82.399421,,
Radio Pragya,,,NGO,Kushinagar,UP,2017,,150000,274304,90.4,"Hindi, Bhojpuri","3, 4, 5, 8, 10, 16",26.94437,84.121,,
Aap Ki Awaz,Yes,,NGO,Agra,UP,,2012,,282007,90.8,"Hindi, English","3, 4, 5, 8, 13",27.244648,77.89389,,
Hello Banaras,,,NGO,Varanasi,UP,2022,,90000,221007,91.2,"Hindi, English, Kashika","1, 3, 5, 6",25.35195,82.99794,,
Hello Unnao,,,EDU,Unnao,UP,2023,,75000,209801,89.6,"Hindi, Awadhi, Bhojpuri","1, 3, 4, 5, 6",26.619856,80.499386,,
Nityananda Janavani,,,NGO,Purulia,West Bengal,2017,,,723151,91.2,"Bengali, Santali","2, 3, 4, 5, 6, 13, 15, 16",23.166016,86.720889,,
Radio Salesian,,,EDU,Darjeeling,West Bengal,2016,,20000,734209,90.8,Nepali,"4, 8, 12, 15",26.95748,88.26052,,
Pallibangla FM Radio,,,NGO,Purba Medinipur,West Bengal,2016,,100000,721629,91.2,Bengali ,"1, 2, 3, 4, 5",22.25364,87.78866,,
Radio Milan,,,NGO,Kolkata,West Bengal,2018,,50000,721507,90.4,"Bengali, Santali","3, 4, 5, 15",22.376932,86.962409,,
Betar Vidyasagar,,,EDU,Purba Medinipur,West Bengal,2020,,5000,721102,90.8,"Bengali, Santali","4, 8, 16",22.43438,87.31658,,
Radio Malda,,,NGO,Malda,West Bengal,2020,,,732101,90.4,Bengali ,"3, 4, 10",25.00272,88.15102,,
Muktadhara,,,NGO,Kolkata,West Bengal,2022,,,743349,89.6,Bengali ,"4, 5, 8, 16",21.99846,88.44129,,
Radio Cooch Behar,,,EDU,Cooch Behar,West Bengal,2022,,30000,736101,89.6,"Bengali, Hindi, English","4, 5, 8",26.33902,89.44471,,
Radio MAKAUT,,,EDU,Nadia,West Bengal,2023,,,741249,90.9,"Bengali, Hindi, English","3, 4, 8, 9",22.53875,88.28257,,
Radio JU,Yes,,EDU,Kolkata,West Bengal,2008,,,700029,90.8,"Bengali, Hindi, English","3, 4, 5, 6, 10, 16",22.52103,88.36309,,
YFM Radio,,,EDU,Kolkata,West Bengal,2013,,,700096,91.2,"Bengali, Hindi, English","3, 4",22.459652,88.365212,,
